name,market_type,address,open_cycle,lat,lng,items,has_restroom,has_parking
광양5일시장,상설장,전라남도 광양시 광양읍 백운로 3,1일+6일,34.97115451,127.5904463,['농산물+축산물+수산물+가공식품+의류+신발+가정용품+음식점'],True,True
양동건어물시장,상설장,광주광역시 서구 천변좌로 254번길 6,매일,35.15316871,126.9033339,['가공식품+근린생활서비스'],True,True
여수서시장주변시장,상설장+4일장,전라남도 여수시 중앙로 3-2,4일+9일,34.74075239,127.7283238,['농산물+축산물+가공식품+의류'],True,True
화정동서부시장,상설장,광주광역시 서구 화운로156번길 24-1,매일,35.15303898,126.8792883,['농산물+축산물+수산물+가공식품+의류+신발+가정용품+음식점'],False,True
교동시장,상설장,전라남도 여수시 교동시장1길 17-6,매일,34.73896529,127.730219,['농산물+축산물+수산물+가공식품+음식점'],True,False
함평천지전통시장,상설장,전라남도 함평군 함평읍 시장길 49,2일+7일,35.06373037,126.5234259,['농산물+축산물+수산물+가공식품+의류+신발+가정용품+음식점'],True,True
비아5일시장,상설장,광주광역시 광산구 비아중앙로 26-1,1일+6일,35.22135885,126.8252669,['농산물+축산물+수산물+가공식품+의류+신발+가정용품+음식점'],True,True
송정5일시장,3일장,광주광역시 광산구 광산로30번길 65,3일+8일,35.13708297,126.7969059,['농산물+축산물+수산물+가공식품+의류+신발+가정용품+음식점'],True,True
송정매일시장,상설장,광주광역시 광산구 송정로 29번길 64,매일,35.13745243,126.7968406,['농산물+축산물+수산물+가공식품+의류+신발+가정용품+음식점'],True,True
우산매일시장,상설장,광주광역시 광산구 우산로,매일,35.16218922,126.8035258,['농산물+축산물+수산물+가공식품+의류+신발+가정용품+음식점'],True,True
무등시장,상설장,광주광역시 남구 군분로27,매일,35.13592608,126.8945422,['농산물+축산물+수산물+가공식품+의류+신발+가정용품+음식점'],True,True
대인시장,상설장,광주광역시 동구 제봉로194번길 10,매일,35.15409833,126.917243,['농산물+축산물+수산물+가공식품+의류+신발+가정용품+음식점'],True,True
산수시장,상설장,광주광역시 동구 필문대로192번길 17-1,매일,35.15348435,126.929739,['농산물+축산물+수산물+가공식품+의류+신발+가정용품+음식점+근린생활서비스'],True,False
남광주해뜨는시장,상설장,광주광역시 동구 제봉로17번길 13-6,매일,35.13896721,126.9212584,['농산물+축산물+수산물'],True,True
남광주시장,상설장,광주광역시 동구 제봉로17번길 18-6,매일,35.13929961,126.9208082,['농산물+축산물+수산물+가공식품+의류+신발+가정용품+음식점'],True,True
두암시장,상설장,광주광역시 북구 금녕길 23,매일,35.17157442,126.9293831,['농산물+축산물+수산물+가공식품'],True,True
말바우시장,상설장+4일장,광주광역시 북구 동문대로97번길 55,2일+4일+7일+9일,35.1729756,126.9213684,['농산물+축산물+수산물+음식점'],True,True
운암시장,상설장,광주광역시 북구 대자로 87,매일,35.1733763,126.8820026,['농산물+축산물+수산물+가공식품+의류+가정용품+음식점'],True,True
동부시장,상설장,광주광역시 북구 중문로9번길 39,매일,35.1738826,126.9163398,['농산물+음식점+근린생활서비스'],True,True
중흥시장,상설장,광주광역시 북구 중흥로 154,매일,35.1616112,126.9108534,['농산물+축산물+수산물+가공식품+근린생활서비스'],False,False
광주양동시장,상설장,광주광역시 서구 천변좌로 238,매일,35.15390747,126.9025538,['농산물+축산물+수산물+가공식품+의류+신발+가정용품+음식점'],True,True
양동닭전길시장,상설장,광주광역시 서구 천변좌로 262번길 4,매일,35.1528177,126.9039928,['농산물+축산물+의류+신발+가정용품+음식점+근린생활서비스'],True,True
양동복개상가,상설장,광주광역시 서구 천변좌로 243,매일,35.15359895,126.903926,['의류+신발+가정용품+음식점+근린생활서비스'],True,True
양동수산전통시장,상설장,광주광역시 서구 천변좌로 246번길 16,매일,35.15323947,126.9016656,['축산물+수산물+가공식품+음식점'],True,True
양동산업용품시장,상설장,광주광역시 서구 독립로 205,매일,35.15117026,126.9066176,['근린생활서비스'],True,True
양동경열로시장,상설장,광주광역시 서구 경열로 140-1,매일,35.15367146,126.900842,['농산물+축산물+수산물+가공식품+의류+신발+가정용품+음식점'],True,True
1913송정역시장(송정역전매일시장),상설장,광주광역시 광산구 송정로 8번길 33,매일,35.13555958,126.7915346,['농산물+축산물+수산물+가공식품+신발+음식점'],True,True
월곡시장,상설장,광주광역시 광산구 사암로 300,매일,35.17129717,126.8096437,['농산물+축산물+수산물+가공식품+음식점'],True,True
봉선시장,상설장,광주광역시 남구 봉선중앙로91번길 7,매일,35.12904439,126.9100112,['농산물+축산물+수산물+가공식품+의류+가정용품+음식점'],True,True
강진읍시장,상설장+4일장,전라남도 강진군 강진읍 동성로 17,4일+9일,34.64016086,126.7743152,['농산물+축산물+수산물+가공식품+의류+신발+가정용품+음식점'],True,True
마량시장,상설장+3일장,전라남도 강진군 마량면 마량5길 11,3일+8일,34.45095924,126.8165817,['농산물+축산물+수산물+가공식품+의류+신발+가정용품+음식점+근린생활서비스'],True,True
병영시장,상설장+3일장,전라남도 강진군 병영면 남삼인길 6,3일+8일,34.71380066,126.8155558,['농산물+수산물+가공식품+의류+신발+가정용품+음식점'],True,True
고흥전통시장,상설장+4일장,전라남도 고흥군 고흥읍 시장길 1,4일+9일,34.60835226,127.2866005,['농산물+축산물+수산물+가공식품+의류+신발+가정용품+음식점'],True,True
과역전통시장,5일장,전라남도 고흥군 과역면 시장안길 15,5일+10일,34.67945419,127.3622537,['농산물+축산물+수산물+가공식품+의류+신발+가정용품+음식점'],True,True
녹동전통시장,상설장+3일장,전라남도 고흥군 도양읍 녹동남촌1길 24,3일+8일,34.52787689,127.13833,['농산물+축산물+수산물'],True,True
도화전통시장,5일장,전라남도 고흥군 도화면 동신길 16-6,5일+10일,34.50979056,127.3218794,['농산물+수산물'],True,True
동강전통시장,상설장,전라남도 고흥군 원유둔4길 13-1,1일+6일,34.78037382,127.3349881,['농산물+축산물+수산물+가공식품+의류+신발+가정용품+음식점'],True,True
곡성기차마을전통시장,3일장,전라남도 곡성군 곡성읍 곡성로 856,3일+8일,35.27976851,127.2984376,['농산물+축산물+수산물+가공식품+의류+신발+가정용품+음식점+근린생활서비스'],True,True
석곡전통시장,5일장,전라남도 곡성군 석곡면 석곡로 70,5일+10일,35.1329487,127.2540916,['농산물+축산물+수산물+가정용품'],True,True
옥과5일시장,4일장,전라남도 곡성군 옥과면 리문8길 14,4일+9일,35.2759017,127.1379523,['농산물+축산물+수산물+의류+신발+가정용품+음식점'],True,True
광영상설시장,상설장,전라남도 광양시 광영시장길 19,매일,34.96144871,127.7203625,['농산물+축산물+수산물+가공식품+음식점'],True,True
옥곡5일시장,4일장,전라남도 광양시 옥곡면 큰골1길 2-26,4일+9일,34.98850818,127.7002388,['농산물+축산물+수산물+가공식품+의류+신발+가정용품+음식점'],True,True
중마시장,상설장,전라남도 광양시 중마중앙로 88,매일,34.93820196,127.6988477,['농산물+축산물+수산물+가공식품+음식점'],True,True
구례5일시장,3일장,전라남도 구례군 구례읍 5일시장작은길 20,3일+8일,35.21015279,127.4700811,['농산물+축산물+수산물+가공식품+의류+신발+가정용품+음식점+근린생활서비스'],True,True
구례상설시장,상설장,전라남도 구례군 구례읍 구례1길 45-6,매일,35.20961971,127.465751,['농산물+축산물+수산물+가공식품'],True,True
지리산나들이장터,상설장,전라남도 구례군 산동면 지리산온천로 126,매일,35.31147841,127.444496,['농산물+가공식품+음식점+근린생활서비스'],True,True
공산5일시장,상설장,전라남도 나주시 공산면 덕음로 3-1,1일+6일,34.94263855,126.6091667,['농산물+수산물+가정용품'],True,False
다시5일시장,3일장,전라남도 나주시 다시면 다시로 168-72,3일+8일,35.01574218,126.635656,['농산물+수산물+가공식품'],True,True
나주목사고을시장,상설장+4일장,전라남도 나주시 청동길 14,4일+9일,35.03624663,126.7237639,['농산물+축산물+수산물+가공식품+의류+신발+가정용품+음식점'],True,True
영산포풍물시장,5일장,전라남도 나주시 풍물시장2길 12-14,5일+10일,34.99199963,126.7072636,['농산물+축산물+수산물+가공식품+신발+음식점'],True,True
창평전통시장,상설장+5일장,전라남도 담양군 창평면 사동길 14-25,5일+10일,35.23810491,127.0149083,['농산물+축산물+수산물+가공식품+가정용품+음식점'],True,True
목포종합수산시장,상설장,전라남도 목포시 해안로 265-4,매일,34.7877699,126.3898749,['수산물+가공식품+음식점'],True,True
중앙식료시장,상설장,전라남도 목포시 삼일로13번길 18-2,매일,34.79403892,126.3817975,['농산물+축산물+수산물+가공식품+의류+신발+가정용품+음식점'],True,True
자유시장,상설장,전라남도 목포시 자유로 122,매일,34.79292001,126.4030678,['농산물+축산물+수산물+가공식품+의류+신발+가정용품+음식점'],True,True
신중앙시장,상설장,전라남도 목포시 원산중앙로 51,매일,34.81025124,126.3775235,['농산물+축산물+수산물+가공식품+의류+신발+가정용품+음식점'],True,True
청호시장,상설장,전라남도 목포시 석현로 28,매일,34.81537749,126.4245916,['농산물+축산물+수산물+가공식품+음식점'],True,True
항동시장,상설장,전라남도 목포시 수강로12번길 2,매일,34.78600878,126.3856159,['농산물+축산물+수산물+가공식품+의류+신발+가정용품+음식점'],True,True
동부시장,상설장,전라남도 목포시 영산로257번길 14,매일,34.80467356,126.3936914,['농산물+축산물+수산물+가공식품+의류+신발+가정용품+음식점'],True,True
일로전통시장,상설장,전라남도 무안군 일로읍 시장길 11-22,1일+6일,34.84753364,126.4943339,['농산물+축산물+수산물+가공식품+의류+신발+가정용품+음식점'],True,True
벌교전통시장,4일장,전라남도 보성군 벌교읍 시장1길 10,4일+9일,34.84493134,127.3450789,['농산물+축산물+수산물+가공식품+의류+신발+가정용품+음식점'],True,True
벌교매일시장,상설장,전라남도 보성군 벌교읍 시장2길 10-41,매일,34.84300877,127.3459893,['농산물+축산물+수산물+가공식품+의류+신발+가정용품+음식점'],True,True
녹차골보성향토시장(보성읍5일시장),상설장,전라남도 보성군 보성읍 현충로 42-1,2일+7일,34.76564839,127.0772384,['농산물+축산물+수산물+가공식품+의류+신발+가정용품+음식점'],True,True
보성매일시장,상설장,전라남도 보성군 보성읍 신흥길 9,매일,34.76817918,127.0806162,['농산물+축산물+수산물+가공식품+가정용품+음식점'],True,True
복내5일시장,4일장,전라남도 보성군 복내면 송재로 1838-12,4일+9일,34.89370035,127.1331421,['농산물+수산물+가공식품+의류+신발+가정용품+음식점'],True,True
조성5일시장,5일장,전라남도 보성군 조성면 조성로 90-6,5일+10일,34.80647615,127.2452824,['농산물'],True,True
중앙시장,상설장,전라남도 순천시 중앙시장길 18,매일,34.95326194,127.4846047,['농산물+축산물+수산물+가공식품+의류+신발+가정용품+음식점'],True,True
역전시장,상설장,전라남도 순천시 역전장길 9,매일,34.94374833,127.5033333,['농산물+축산물+수산물+가공식품+의류+신발+가정용품+음식점'],True,True
웃장,상설장+5일장,전라남도 순천시 북문길 40,5일+10일,34.95864147,127.4850305,['농산물+축산물+수산물+가공식품+의류+가정용품+음식점'],True,True
승주시장,상설장,전라남도 순천시 승주읍 승주장길 14,1일+6일,35.01315903,127.387664,['농산물+수산물+가공식품+의류+신발+가정용품+음식점'],True,True
주암시장,상설장+3일장,전라남도 순천시 주암면 주암호길 5-1,3일+8일,35.07598752,127.2352637,['농산물+축산물+수산물+가공식품+의류+신발+가정용품'],True,True
순천시아랫장(순천아랫장),상설장,전라남도 순천시 장평로 60,2일+7일,34.94514825,127.496084,['농산물+축산물+수산물+가공식품+의류+신발+가정용품+음식점'],True,True
괴목시장,4일장,전라남도 순천시 황전면 괴목길 17,4일+9일,35.10243423,127.4282445,['농산물+축산물+수산물+가공식품+의류+신발+가정용품+음식점'],True,True
지도 전통시장,상설장+3일장,전라남도 신안군 지도읍 읍내길 16-20,3일+8일,35.0588198,126.2069832,['농산물+축산물+수산물+가공식품+의류+신발+가정용품+음식점'],True,True
(주)여수수산시장,상설장,전라남도 여수시 여객선터미널길 24,매일,34.73813576,127.7317623,['수산물+가공식품+음식점'],True,True
중앙시장,상설장,전라남도 여수시 중앙로 43,매일,34.74059178,127.7325592,['가공식품+의류+신발+가정용품+음식점+근린생활서비스'],True,True
해안로건어물상가시장,상설장,전라남도 여수시 교동남2길 14,매일,34.73953431,127.7345263,['수산물+가공식품'],True,True
여수수산물특화시장,상설장,전라남도 여수시 남산로 60-31,매일,34.73683093,127.7328973,['수산물+음식점'],True,True
(주)서시장,상설장,전라남도 여수시 좌수영로 16-6,매일,34.74178725,127.7286168,['농산물+축산물+수산물+가공식품+의류+신발+가정용품+음식점+근린생활서비스'],True,True
덕양시장,상설장,전라남도 여수시 소라면 하세동길 7,매일,34.79802722,127.6314434,['음식점'],True,True
중앙선어시장,상설장,전라남도 여수시 중앙로 88-1,매일,34.73942888,127.7370587,['수산물'],True,True
쌍봉시장,상설장,전라남도 여수시 학동2길 7,매일,34.76414545,127.6649804,['농산물+축산물+수산물+가공식품+의류+가정용품+음식점+근린생활서비스'],True,True
제일시장,상설장,전라남도 여수시 학동2길 7-4,매일,34.76419231,127.6646531,['농산물+수산물+가공식품+가정용품+음식점'],True,True
진남시장,상설장,전라남도 여수시 학동1길 10,매일,34.76425827,127.6641294,['농산물+축산물+수산물+가공식품+의류+신발+가정용품+음식점+근린생활서비스'],True,True
도깨비시장,상설장,전라남도 여수시 학동서5길 18,매일,34.76331689,127.6565415,['농산물+축산물+수산물+가공식품+의류+신발+가정용품+음식점+근린생활서비스'],True,True
영광고추특화시장,상설장,전라남도 영광군 영광읍 신남로 100-25,1일+6일,35.27472202,126.4935505,['농산물'],True,True
영광터미널시장,상설장,전라남도 영광군 영광읍 신남로3길 5-3,매일,35.27553643,126.5030198,['농산물+축산물+수산물+가공식품+의류+가정용품'],True,True
시종5일시장,상설장,전라남도 영암군 시종면 내동중앙로 26,2일+7일,34.8674024,126.6080951,['농산물+축산물+수산물+가공식품+의류+가정용품'],True,True
신북5일시장,3일장,전라남도 영암군 신북면 황금동로 78,3일+8일,34.88859606,126.6922282,['농산물+축산물+수산물+가공식품+의류+신발+가정용품'],True,False
완도전통시장(구 완도5일시장),상설장,전라남도 완도군 완도읍 개포로 34-1,매일,34.31610369,126.7482543,['농산물+수산물+음식점'],True,True
완도남양시장(구 완도종합시장),5일장,전라남도 완도군 완도읍 개포로56번길 16-4,5일+10일,34.31651727,126.7477207,['농산물+수산물+의류+신발+음식점'],True,False
완도중앙시장,상설장,전라남도 완도군 완도읍 장보고대로 282-1,매일,34.31446812,126.7552341,['농산물+수산물+음식점'],True,True
사거리시장,상설장,전라남도 장성군 북이면 사남북길 22,1일+6일,35.42767379,126.8072694,['농산물+축산물+수산물+의류+신발+가정용품+음식점'],True,True
사창시장,상설장,전라남도 장성군 삼계면 사창로 81-2,2일+7일,35.26039872,126.6630702,['농산물+축산물+수산물+가공식품+의류+신발+음식점'],True,True
황룡시장,4일장,전라남도 장성군 황룡면 삼월길 5,4일+9일,35.2916867,126.7738864,['농산물+축산물+수산물+가공식품+의류+신발+가정용품+음식점'],True,True
천관산관광시장,상설장+3일장,전라남도 장흥군 관산읍 칠관로 1559-4,3일+8일,34.56277107,126.9370717,['농산물+축산물+수산물+가공식품+신발+가정용품+음식점'],True,True
대덕읍전통시장(대덕시장),상설장+5일장,전라남도 장흥군 대덕읍 거정2길 10,5일+10일,34.49944415,126.8871414,['농산물+축산물+수산물+가공식품+의류+신발+가정용품+음식점'],True,True
용산시장,상설장,전라남도 장흥군 용산면 용인길 4,1일+6일,34.61490641,126.9153133,['농산물+가공식품+의류+음식점'],True,True
장평시장,상설장,전라남도 장흥군 장평면 장택길 13,1일+6일,34.77539717,126.9778669,['농산물+수산물+가공식품+의류+신발+가정용품+음식점'],True,True
정남진장흥토요시장,상설장,전라남도 장흥군 장흥읍 토요시장1길 53,2일+7일,34.67727214,126.903159,['농산물+축산물+수산물+가공식품+의류+신발+가정용품+음식점'],True,True
회진시장,상설장,전라남도 장흥군 회진면 회진중앙길 9-13,매일,34.4820345,126.9403546,['농산물+수산물+의류+음식점'],True,False
진도읍조금시장,상설장,전라남도 진도군 진도읍 조금시장길 25,2일+7일,34.48155399,126.25734,['농산물+수산물+의류+가정용품+음식점'],True,True
진도상설전통시장,상설장,전라남도 진도군 진도읍 남동1길 57-8,매일,34.48135668,126.2649029,['농산물+수산물'],True,True
월야시장,5일장,전라남도 함평군 월야면 밀재로 1504-5,5일+10일,35.17926742,126.626782,['농산물+수산물+가공식품+의류+신발+가정용품+음식점'],True,True
해보시장,3일장,전라남도 함평군 해보면 밀재로 1274-12,3일+8일,35.18104709,126.6025443,['농산물+수산물+가공식품+의류+신발+가정용품+음식점'],True,True
좌일5일시장,3일장,전라남도 해남군 북일면 만월길 26-1,3일+8일,34.46385571,126.6725613,['농산물+축산물'],True,True
북평면남창5일시장,상설장,전라남도 해남군 북평면 달량진길 48-11,2일+7일,34.40453441,126.6267107,['농산물+수산물+신발+음식점'],True,True
우수영5일시장,4일장,전라남도 해남군 문내면 동외리 919-17,4일+9일,34.5969017,126.311316,['농산물+수산물+가공식품+가정용품+음식점'],True,True
송지산정5일시장,상설장,전라남도 해남군 송지면 산정1길 96,2일+7일,34.36966913,126.5191941,['농산물+수산물+의류'],True,True
해남읍5일시장,상설장,전라남도 해남군 해남읍 중앙2로 76,1일+6일,34.56878428,126.5971547,['농산물+수산물+의류+신발+음식점'],True,True
화원5일시장,5일장,전라남도 해남군 화원면 금평리 239,5일+10일,34.66949685,126.3282268,['농산물+수산물'],True,True
남리5일시장,3일장,전라남도 해남군 황산면 시등로 111-11,3일+8일,34.57532321,126.4324845,['농산물+수산물+의류+가정용품'],True,True
능주전통시장,5일장,전라남도 화순군 능주면 학포로 1955,5일+10일,34.99091732,126.959364,['농산물+수산물+가공식품+의류+신발+가정용품+음식점'],True,True
동복전통시장,상설장,전라남도 화순군 동복면 동복시장길 19,2일+7일,35.07163148,127.1257557,['농산물+수산물+가공식품+가정용품'],False,False
사평전통시장,5일장,전라남도 화순군 사평면 사평길 26,5일+10일,35.00537383,127.0975835,['농산물+수산물+가공식품+의류+신발+가정용품+음식점'],True,False
이양전통시장,4일장,전라남도 화순군 이양면 이양로 29-19,4일+9일,34.88259402,126.9868735,['의류+신발+가정용품+근린생활서비스'],True,True
화순고인돌전통시장,3일장,전라남도 화순군 화순읍 시장길 42,3일+8일,35.05909434,126.9833988,['농산물+축산물+수산물+가공식품+의류+신발+가정용품+음식점'],True,True
남평5일시장,상설장,전라남도 나주시 남평읍 지석로 21,1일+6일,35.04581389,126.8415451,['농산물+수산물+가공식품+의류+신발+가정용품+음식점'],True,True
무안전통시장,상설장+4일장,전라남도 무안군 무안읍 승달로 11,4일+9일,34.99348251,126.4724295,['농산물+축산물+수산물+가공식품+의류+신발+가정용품+음식점'],True,True
굴비골영광시장(구 영광매일시장),상설장,전라남도 영광군 영광읍 중앙로3길 5-22,매일,35.27513263,126.5123207,['농산물+축산물+수산물+가공식품+의류+가정용품+음식점'],True,True
영암5일시장,5일장,전라남도 영암군 영암읍 오일시장길 28,5일+10일,34.80123497,126.7005743,['농산물+수산물+가공식품+의류'],True,True
독천5일시장,4일장,전라남도 영암군 미암면 독천1길 19,4일+9일,34.72459224,126.5671189,['농산물+축산물+수산물+가공식품+의류+신발+가정용품+음식점'],True,True
